<application>
  <component name="dataSourceStorage" format="xml" multifile-model="true">
    <data-source source="LOCAL" name="getitrx@192.168.4.63 [2]" group="TEST_GWEB" uuid="8b27a504-6baa-4ee6-a4a4-f21172daee16">
      <driver-ref>postgresql</driver-ref>
      <synchronize>true</synchronize>
      <schema-control>AUTOMATIC</schema-control>
      <jdbc-driver>org.postgresql.Driver</jdbc-driver>
      <jdbc-url>jdbc:postgresql://192.168.4.63:5432/dbtrx</jdbc-url>
    </data-source>
    <data-source source="LOCAL" name="newespweb1@192.168.4.63 [2]" group="TEST_GWEB" uuid="1388d308-8493-41aa-b28a-f45a43eaaaa7">
      <driver-ref>postgresql</driver-ref>
      <synchronize>true</synchronize>
      <schema-control>AUTOMATIC</schema-control>
      <jdbc-driver>org.postgresql.Driver</jdbc-driver>
      <jdbc-url>jdbc:postgresql://192.168.4.63:5432/dbnewespweb1</jdbc-url>
    </data-source>
    <data-source source="LOCAL" name="dbbo@192.168.4.63 [3]" group="TEST_GWEB" uuid="ca08df95-2b33-4c62-b4d6-1e476e8e8ca0">
      <driver-ref>postgresql</driver-ref>
      <synchronize>true</synchronize>
      <schema-control>AUTOMATIC</schema-control>
      <jdbc-driver>org.postgresql.Driver</jdbc-driver>
      <jdbc-url>jdbc:postgresql://192.168.4.63:5432/dbbo</jdbc-url>
    </data-source>
    <data-source source="LOCAL" name="transfertint@192.168.4.63 [3]" group="TEST_GWEB" uuid="97e41109-d51a-4bf3-98e3-a1133b315062">
      <driver-ref>postgresql</driver-ref>
      <synchronize>true</synchronize>
      <schema-control>AUTOMATIC</schema-control>
      <jdbc-driver>org.postgresql.Driver</jdbc-driver>
      <jdbc-url>jdbc:postgresql://192.168.4.63:5432/dbtransfertint</jdbc-url>
    </data-source>
    <data-source source="LOCAL" name="dbsms@192.168.4.63" group="TEST_GWEB" uuid="ec421903-d810-4406-a687-59616fafde7a">
      <driver-ref>postgresql</driver-ref>
      <synchronize>true</synchronize>
      <schema-control>AUTOMATIC</schema-control>
      <jdbc-driver>org.postgresql.Driver</jdbc-driver>
      <jdbc-url>jdbc:postgresql://192.168.4.63:5432/dbsms</jdbc-url>
    </data-source>
    <data-source source="LOCAL" name="newespweb1@172.30.4.216" group="B2C" uuid="c38e60ed-7cbe-45a1-a25e-c25bc16ed7e1">
      <driver-ref>postgresql</driver-ref>
      <synchronize>true</synchronize>
      <schema-control>AUTOMATIC</schema-control>
      <jdbc-driver>org.postgresql.Driver</jdbc-driver>
      <jdbc-url>jdbc:postgresql://172.30.4.216:5432/dbnewespweb1</jdbc-url>
    </data-source>
    <data-source source="LOCAL" name="postgres@172.30.4.216" group="B2C" uuid="c38bd086-934b-474e-ae1d-c966c768ee5f">
      <driver-ref>postgresql</driver-ref>
      <synchronize>true</synchronize>
      <schema-control>AUTOMATIC</schema-control>
      <jdbc-driver>org.postgresql.Driver</jdbc-driver>
      <jdbc-url>jdbc:postgresql://172.30.4.216:5432/postgres</jdbc-url>
    </data-source>
    <data-source source="LOCAL" name="getitrx@172.30.4.216" group="B2C" uuid="b609978e-1bb0-4d38-b5d7-55c62aec4131">
      <driver-ref>postgresql</driver-ref>
      <synchronize>true</synchronize>
      <schema-control>AUTOMATIC</schema-control>
      <jdbc-driver>org.postgresql.Driver</jdbc-driver>
      <jdbc-url>jdbc:postgresql://172.30.4.216:5432/dbtrx</jdbc-url>
    </data-source>
    <data-source source="LOCAL" name="dbrecharge@192.168.4.63" group="TEST_GWEB" uuid="13f00457-befa-439b-a8fb-222f0255cd7f">
      <driver-ref>postgresql</driver-ref>
      <synchronize>true</synchronize>
      <schema-control>AUTOMATIC</schema-control>
      <jdbc-driver>org.postgresql.Driver</jdbc-driver>
      <jdbc-url>jdbc:postgresql://192.168.4.63:5432/dbrecharge</jdbc-url>
    </data-source>
    <data-source source="LOCAL" name="newespweb1@172.30.4.213" group="G-INTER" uuid="f17b56f5-6780-4948-b618-2eea93cd4472">
      <driver-ref>postgresql</driver-ref>
      <synchronize>true</synchronize>
      <schema-control>AUTOMATIC</schema-control>
      <jdbc-driver>org.postgresql.Driver</jdbc-driver>
      <jdbc-url>jdbc:postgresql://172.30.4.213:5432/dbnewespweb1</jdbc-url>
    </data-source>
    <data-source source="LOCAL" name="dbproxicash@172.30.4.213" group="G-INTER" uuid="dafde77c-c921-4e3c-8521-e036d426c003">
      <driver-ref>postgresql</driver-ref>
      <synchronize>true</synchronize>
      <schema-control>AUTOMATIC</schema-control>
      <jdbc-driver>org.postgresql.Driver</jdbc-driver>
      <jdbc-url>jdbc:postgresql://172.30.4.213:5432/dbproxicash</jdbc-url>
    </data-source>
    <data-source source="LOCAL" name="encaissement@172.30.4.213" group="G-INTER" uuid="9fbbc4a6-569a-4850-807c-59c633365bc2">
      <driver-ref>postgresql</driver-ref>
      <synchronize>true</synchronize>
      <schema-control>AUTOMATIC</schema-control>
      <jdbc-driver>org.postgresql.Driver</jdbc-driver>
      <jdbc-url>jdbc:postgresql://172.30.4.213:5432/dbencaissement</jdbc-url>
    </data-source>
    <data-source source="LOCAL" name="dbsde@192.168.4.63" group="TEST_GWEB" uuid="ab169530-9e11-4f10-8cb3-a1b8829d4342">
      <driver-ref>postgresql</driver-ref>
      <synchronize>true</synchronize>
      <schema-control>AUTOMATIC</schema-control>
      <jdbc-driver>org.postgresql.Driver</jdbc-driver>
      <jdbc-url>jdbc:postgresql://192.168.4.63:5432/dbsde</jdbc-url>
    </data-source>
    <data-source source="LOCAL" name="cashtobank@172.30.4.213" group="G-INTER" uuid="9e422541-b936-43b4-95ad-962d8001eb9f">
      <driver-ref>postgresql</driver-ref>
      <synchronize>true</synchronize>
      <schema-control>AUTOMATIC</schema-control>
      <jdbc-driver>org.postgresql.Driver</jdbc-driver>
      <jdbc-url>jdbc:postgresql://172.30.4.213:5432/dbcashtobank</jdbc-url>
    </data-source>
    <data-source source="LOCAL" name="dbbo@172.30.4.213" group="G-INTER" uuid="b52b0259-e4f0-4dd3-9198-28b648513bd1">
      <driver-ref>postgresql</driver-ref>
      <synchronize>true</synchronize>
      <schema-control>AUTOMATIC</schema-control>
      <jdbc-driver>org.postgresql.Driver</jdbc-driver>
      <jdbc-url>jdbc:postgresql://172.30.4.213:5432/dbbo</jdbc-url>
    </data-source>
    <data-source source="LOCAL" name="dbsenelec@192.168.4.63" group="TEST_GWEB" uuid="9bbe32cf-5d57-4050-93d4-3569b4d3d368">
      <driver-ref>postgresql</driver-ref>
      <synchronize>true</synchronize>
      <schema-control>AUTOMATIC</schema-control>
      <jdbc-driver>org.postgresql.Driver</jdbc-driver>
      <jdbc-url>jdbc:postgresql://192.168.4.63:5432/dbsenelec</jdbc-url>
    </data-source>
    <data-source source="LOCAL" name="all@172.30.4.213 [2]" group="G-INTER" uuid="b5cad69f-d981-4218-b9af-ec9276d4fe8c">
      <driver-ref>postgresql</driver-ref>
      <synchronize>true</synchronize>
      <schema-control>AUTOMATIC</schema-control>
      <jdbc-driver>org.postgresql.Driver</jdbc-driver>
      <jdbc-url>jdbc:postgresql://172.30.4.213:5432/dbnewespweb1</jdbc-url>
    </data-source>
  </component>
</application>