<application>
  <component name="FileTypeManager" version="17">
    <extensionMap>
      <mapping pattern="*.js.flow" type="Flow" />
      <mapping pattern="*.js.flow" type="Flow" />
      <mapping pattern="update_30/12/2019.sql" type="PLAIN_TEXT" />
      <mapping pattern="sql" type="PLAIN_TEXT" />
      <mapping pattern="sql_07012020.sql" type="PLAIN_TEXT" />
      <mapping ext="tsv" type="PLAIN_TEXT" />
      <mapping ext="bak" type="PLAIN_TEXT" />
      <removed_mapping ext="tsv" approved="true" type="TSV" />
      <mapping pattern="transEnvoi" type="XML" />
      <removed_mapping ext="tsv" approved="true" type="TSV" />
    </extensionMap>
  </component>
</application>