<application>
  <component name="WebServers">
    <option name="servers">
      <webServer id="98845256-f34c-49b7-afc3-1ce96f83f4f9" name="192.168.4.213" url="http://192.168.4.213">
        <fileTransfer host="192.168.4.213" port="22" accessType="SFTP">
          <advancedOptions>
            <advancedOptions dataProtectionLevel="Private" muteSftpMessages="true" passiveMode="true" shareSSLContext="true" />
          </advancedOptions>
          <option name="port" value="22" />
        </fileTransfer>
      </webServer>
    </option>
  </component>
</application>